WKT,@id,addr:city,addr:street,amenity,name,building,opening_hours,capacity,description,ref,wheelchair,shelter,name:en,covered,source,fixme,bin,operator,addr:housenumber,note,access,bench,name:zh,survey:date,level,fixme:zh,addr:postcode,location,service,bus_bay,postal_code,tactile_paving,lit,id
"POLYGON ((103.97045 1.402419, 103.970414 1.40239, 103.970454 1.402341, 103.97049 1.402371, 103.97045 1.402419))",way/543054900,Pulau Ubin, Singapore,Jalan Pekan Ubin,taxi,Taxi waiting shelter,,,,,,,,,,,,,,,,,,,,,,,,,,,,,
"POLYGON ((103.970486 1.402455, 103.97061 1.402307, 103.970671 1.402358, 103.970551 1.402504, 103.970486 1.402455))",way/543054903,Pulau Ubin, Singapore,Jalan Pekan Ubin,taxi,,,,,,,,,,,,,,,,,,,,,,,,,,,,,,
"POLYGON ((103.723197 1.332063, 103.723143 1.332061, 103.723148 1.331893, 103.723202 1.331895, 103.723197 1.332063))",way/829638268,,,taxi,Taman Jurong Taxi Service,yes,24/7,,,,,,,,,,,,,,,,,,,,,,,,,,,
"POLYGON ((103.913424 1.304757, 103.913421 1.304702, 103.913456 1.304694, 103.913458 1.30471, 103.913448 1.304716, 103.913445 1.304734, 103.913458 1.304736, 103.913458 1.304758, 103.913424 1.304757))",way/845361556,,,taxi,Taxi Stand,,,,,,,,,,,,,,,,,,,,,,,,,,,,,
"POINT (103.83961 1.301185)",node/512045174,,,taxi,,,,4,Orchard Road outside Centrepoint,A11,yes,,,,,,,,,,,,,,,,,,,,,,,
"POINT (103.836224 1.303827)",node/512050333,,,taxi,,,,7,Bideford Road - driveway of Paragon Shopping Centre,A02,yes,,,,,,,,,,,,,,,,,,,,,,,
"POINT (103.834524 1.302266)",node/512050705,,,taxi,,,,3,Orchard Turn along driveway outside Ngee Ann City,A09,yes,,,,,,,,,,,,,,,,,,,,,,,
"POINT (103.83769 1.30316)",node/512051628,,,taxi,,,,3,Cairnhill Road outside Cairnhill Place,A06,no,,,,,,,,,,,,,,,,,,,,,,,
"POINT (103.853788 1.297617)",node/564552703,,,taxi,,,,,,,,,,,,,,,,,,,,,,,,,,,,,,
"POINT (103.845319 1.300652)",node/595155074,,,taxi,Plaza Singapura,,,3,Handy Road outside Plaza Singapura,A16,yes,,,,,,,,,,,,,,,,,,,,,,,
"POINT (103.829917 1.458931)",node/615151186,,,taxi,Sembawang Wharves,,,,,H11,,,,,,,,,,,,,,,,,,,,,,,,
"POINT (103.838859 1.300531)",node/665020336,,,taxi,Orchard Gateway,,,,,A22,,,,,,,,,,,,,,,,,,,,,,,,
"POINT (103.824376 1.441753)",node/775915338,,,taxi,Sembawang Shopping Centre,,,,,H12,,,,,,,,,,,,,,,,,,,,,,,,
"POINT (103.819096 1.447964)",node/775915359,,,taxi,Sun Plaza,,,,,,,,,,,,,,,,,,,,,,,,,,,,,
"POINT (103.751533 1.358814)",node/956599730,,Bukit Batok West Avenue 5,taxi,Bukit Gombak Station,,,,,J01,,,,,,,,,,,,,,,,,,,,,,,,
"POINT (103.839272 1.247191)",node/965873722,,,taxi,Arrival Station,,,,,,,,,,,,,,,,,,,,,,,,,,,,,
"POINT (103.780008 1.30744)",node/1207252372,,,taxi,Taxi Stand,,,,,,,,,,,,,,,,,,,,,,,,,,,,,
"POINT (103.831944 1.308504)",node/1276822598,,,taxi,,,,,,,,,,,,,,,,,,,,,,,,,,,,,,
"POINT (103.939102 1.312156)",node/1314006676,,,taxi,The Bayshore,,,,,I11,,,,,,,,,,,,,,,,,,,,,,,,
"POINT (103.931565 1.324442)",node/1315774169,,,taxi,Blk 209,,,,,I07,,,,,,,,,,,,,,,,,,,,,,,,
"POINT (103.859907 1.283886)",node/1315968940,,,taxi,,,,,,,,,,,,,,,,,,,,,,,,,,,,,,
"POINT (103.817888 1.251238)",node/1316096997,,,taxi,,,,,,,,,,,,,,,,,,,,,,,,,,,,,,
"POINT (103.849077 1.350708)",node/1318667102,,,taxi,Junction 8,,,,,F03,,,,,,,,,,,,,,,,,,,,,,,,
"POINT (103.84706 1.274669)",node/1318693240,,,taxi,MAS Building,,,,,E20,,,,,,,,,,,,,,,,,,,,,,,,
"POINT (103.846306 1.275837)",node/1318693248,,,taxi,International Plaza,,,,,E30,,,,,,,,,,,,,,,,,,,,,,,,
"POINT (103.775143 1.299953)",node/1358272601,,,taxi,,,,,,,,,,,,,,,,,,,,,,,,,,,,,,
"POINT (103.773492 1.308179)",node/1386214222,,,taxi,,,,,,,,,,,,,,,,,,,,,,,,,,,,,,
"POINT (103.773409 1.307584)",node/1386214223,,,taxi,,,,,,,,,,,,,,,,,,,,,,,,,,,,,,
"POINT (103.772561 1.305692)",node/1388190668,,,taxi,,,,,,,,,,,,,,,,,,,,,,,,,,,,,,
"POINT (103.774728 1.304098)",node/1388190669,,,taxi,,,,,,,,,,,,,,,,,,,,,,,,,,,,,,
"POINT (103.774112 1.305097)",node/1388190674,,,taxi,,,,,,,,,,,,,,,,,,,,,,,,,,,,,,
"POINT (103.772428 1.304175)",node/1396660243,,,taxi,,,,,,,,,,,,,,,,,,,,,,,,,,,,,,
"POINT (103.771826 1.306876)",node/1396677523,,,taxi,,,,,,,,,,,,,,,,,,,,,,,,,,,,,,
"POINT (103.771249 1.298142)",node/1534822512,,,taxi,,,,,,,,,,,,,,,,,,,,,,,,,,,,,,
"POINT (103.771986 1.298128)",node/1534827185,,,taxi,,,,,,,,,,,,,,,,,,,,,,,,,,,,,,
"POINT (103.781976 1.295678)",node/1553336090,,,taxi,,,,,,,,,,,,,,,,,,,,,,,,,,,,,,
"POINT (103.770134 1.29384)",node/1555047453,,,taxi,,,,,,,,,,,,,,,,,,,,,,,,,,,,,,
"POINT (103.76515 1.31473)",node/1559274111,,,taxi,Clementi Station,,,,,J07,,,,,,,,,,,,,,,,,,,,,,,,
"POINT (103.85494 1.322756)",node/1573773443,,,taxi,Blk 90 Food Centre,,,,,F11,,,,,,,,,,,,,,,,,,,,,,,,
"POINT (103.779226 1.336603)",node/1579304828,,,taxi,King Albert Park,,,,,,,,,,,,,,,,,,,,,,,,,,,,,
"POINT (103.829111 1.307157)",node/1670187869,,,taxi,Orchard Towers,,,,,F50,,,,,,,,,,,,,,,,,,,,,,,,
"POINT (103.761425 1.42474)",node/1741956545,,,taxi,,,,,,,,,,,,,,,,,,,,,,,,,,,,,,
"POINT (103.774155 1.292316)",node/1748955732,,,taxi,,,,,,,,,,,,,,,,,,,,,,,,,,,,,,
"POINT (103.94354 1.352314)",node/1776776210,,,taxi,Century Square Taxi Stand,,,,,,,,,,,,,,,,,,,,,,,,,,,,,
"POINT (103.944928 1.352249)",node/1776776213,,,taxi,Tampines Mall,,,,,I03,,,,,,,,,,,,,,,,,,,,,,,,
"POINT (103.787349 1.2988)",node/1787007909,,,taxi,,,,,,,,,,,,,,,,,,,,,,,,,,,,,,
"POINT (103.8432 1.276027)",node/1831970397,,,taxi,Tanjong Pagar Plaza,,,,,E25,,,,,,,,,,,,,,,,,,,,,,,,
"POINT (103.859974 1.282423)",node/1832238042,,,taxi,,,,,,,,,,,,,,,,,,,,,,,,,,,,,,
"POINT (103.861011 1.284741)",node/1832238144,,,taxi,,,,,,,,,,,,,,,,,,,,,,,,,,,,,,
"POINT (103.820555 1.264778)",node/1832695803,,,taxi,Harbourfront Centre,,,,,F30,,,,,,,,,,,,,,,,,,,,,,,,
"POINT (103.785605 1.435585)",node/1847854037,,,taxi,,,,,,,,,,,,,,,,,,,,,,,,,,,,,,
"POINT (103.787231 1.437255)",node/1847854072,,,taxi,Woodlands Station,,,,,H15,,,,,,,,,,,,,,,,,,,,,,,,
"POINT (103.929594 1.323651)",node/1848076696,,,taxi,Bedok Station,,,,,I08,,,,,,,,,,,,,,,,,,,,,,,,
"POINT (103.85642 1.303347)",node/1849631328,,Ban San Street,taxi,Singapore-Johore Taxi,,,,,,,,,,,,,,,,,,,,,,,,,,,,,
"POINT (103.864584 1.351618)",node/1856669032,,,taxi,Lorong Chuan Station,,,,,G08,,,,,,,,,,,,,,,,,,,,,,,,
"POINT (103.831047 1.355029)",node/2473140283,,,taxi,Thomson Plaza,,,,,F10,,yes,,,,,,,,,,,,,,,,,,,,,,
"POINT (103.840644 1.280386)",node/2486375836,,,taxi,,,,2,Teo Hong Road near Outram MRT Station Exit H,D01,yes,,,,,,,,,,,,,,,,,,,,,,,
"POINT (103.773531 1.306905)",node/2494609785,,,taxi,,,,,,,,,,,,,,,,,,,,,,,,,,,,,,
"POINT (103.773405 1.307582)",node/2494609787,,,taxi,,,,,,,,,,,,,,,,,,,,,,,,,,,,,,
"POINT (103.773976 1.306164)",node/2494609788,,,taxi,,,,,,,,,,,,,,,,,,,,,,,,,,,,,,
"POINT (103.855461 1.298402)",node/2606133933,,,taxi,,,,2,North Bridge Road along driveway outside Bugis Junction Tower,B11,yes,,,,,,,,,,,,,,,,,,,,,,,
"POINT (103.854762 1.294622)",node/2606133934,,,taxi,Raffles Hotel,,,,,,,,,,,,,,,,,,,,,,,,,,,,,
"POINT (103.843833 1.321046)",node/2607554239,,,taxi,,,,,,,,,,,,,,,,,,,,,,,,,,,,,,
"POINT (103.852316 1.282505)",node/2653117229,,,taxi,,,,,,,,,,,,,,,,,,,,,,,,,,,,,,
"POINT (103.848205 1.369071)",node/2677108450,,,taxi,Ang Mo Kio Hub,,,,,,,,,,,,,,,,,,,,,,,,,,,,,
"POINT (103.765314 1.30327)",node/2689229143,,,taxi,,,,,,,,,,,,,,,,,,,,,,,,,,,,,,
"POINT (103.945766 1.327309)",node/2725348949,,,taxi,Tanah Merah Station,,,,,I06,,,Tanah Merah Station,,,,,,,,,,,,,,,,,,,,,
"POINT (103.872238 1.304462)",node/2925468274,,,taxi,,,,,,,,,,,,,,,,,,,,,,,,,,,,,,
"POINT (103.873002 1.350892)",node/3105725789,,,taxi,Serangoon Station,,,,,G05,,,,,,,,,,,,,,,,,,,,,,,,
"POINT (103.873776 1.349506)",node/3105725790,,,taxi,Serangoon Station,,,,,G07,,,,,,,,,,,,,,,,,,,,,,,,
"POINT (103.834762 1.280574)",node/3488057379,,,taxi,SGH Block 7 Entrance,,,,,,,,,,,,,,,,,,,,,,,,,,,,,
"POINT (103.7905 1.30662)",node/3685208729,,,taxi,Buona Vista Station,,,,,F46,,,,,,,,,,,,,,,,,,,,,,,,
"POINT (103.850272 1.278574)",node/3786387592,,,taxi,,,,,,,,,,,,,,,,,,,,,,,,,,,,,,
"POINT (103.85273 1.284208)",node/3800198731,,,taxi,Hitachi Towers,,,,,E32,,,,,,,,,,,,,,,,,,,,,,,,
"POINT (103.840963 1.30258)",node/3800198732,,,taxi,,,,1,Cavenagh Road at Holiday Inn Orchard City Centre,A14,yes,,,,,,,,,,,,,,,,,,,,,,,
"POINT (103.795437 1.310082)",node/3800198733,,,taxi,Holland Road Shopping Centre,,,,,H03,,,,,,,,,,,,,,,,,,,,,,,,
"POINT (103.852744 1.297312)",node/3800198734,,,taxi,,,,,Victoria Street at Hotel Grand Pacific,B15,yes,,,,,,,,,,,,,,,,,,,,,,,
"POINT (103.849153 1.298997)",node/3800198735,,,taxi,,,,,Prinsep Street at Hotel Rendezvous,B01,yes,,,,,,,,,,,,,,,,,,,,,,,
"POINT (103.892827 1.371462)",node/3800198736,,,taxi,Hougang Station,,,,,G12,,,,,,,,,,,,,,,,,,,,,,,,
"POINT (103.862617 1.306764)",node/3800198737,,,taxi,Immigration and Checkpoints Authority,,,,,F15,,,,,,,,,,,,,,,,,,,,,,,,
"POINT (103.884728 1.381724)",node/3800198738,,,taxi,Institute of Mental Health,,,,,F13,,,,,,,,,,,,,,,,,,,,,,,,
"POINT (103.740644 1.33334)",node/3800198739,,,taxi,,,,,,J09,,,,,,,,,,,,,,,,,,,,,,,,
"POINT (103.697882 1.337765)",node/3800198740,,,taxi,Pioneer Station,,,,,J17,,,,,,,,,,,,,,,,,,,,,,,,
"POINT (103.742984 1.332155)",node/3800198741,,,taxi,Jurong East Station,,,,,J08,,,,,,,,,,,,,,,,,,,,,,,,
"POINT (103.706948 1.339004)",node/3800198742,,,taxi,,,,,,J15,,,,,,,,,,,,,,,,,,,,,,,,
"POINT (103.847392 1.310342)",node/3800198743,,,taxi,KK Hospital,,,,,,,,,,,,,,,,,,,,,,,,,,,,,
"POINT (103.901338 1.303824)",node/3800198744,,,taxi,Katong Shopping Centre,,,,,I16,,,,,,,,,,,,,,,,,,,,,,,,
"POINT (103.848762 1.280234)",node/3800198745,,,taxi,Keck Seng Tower,,,,,E09,,,,,,,,,,,,,,,,,,,,,,,,
"POINT (103.833254 1.417512)",node/3800198748,,,taxi,Khatib Station,,,,,H07,,,,yes,,,,,,,,,,,,,,,,,,,,
"POINT (103.877112 1.354762)",node/3800198749,,,taxi,Kovan Centre,,,,,G09,,,,,,,,,,,,,,,,,,,,,,,,
"POINT (103.884684 1.359613)",node/3800198750,,,taxi,Kovan Station,,,,,G10,,,,,,,,,,,,,,,,,,,,,,,,
"POINT (103.884523 1.359816)",node/3800198751,,,taxi,Kovan Station,,,,,G11,,,,,,,,,,,,,,,,,,,,,,,,
"POINT (103.762292 1.425595)",node/3800198752,,,taxi,Kranji Station,,,,,H19,,,,,,,,,,,,,,,,,,,,,,,,
"POINT (103.850953 1.302954)",node/3800198753,,,taxi,,,,1,Short Street near La Salle Arts College,B03,yes,,,,,,,,,,,,,,,,,,,,,,,
"POINT (103.850808 1.280412)",node/3800198755,,,taxi,Lau Pa Sat,,,,,E36,,,,,,,,,,,,,,,,,,,,,,,,
"POINT (103.797995 1.302462)",node/3800199299,,,taxi,Commonwealth Station,,,,,F43,,,,,,,,,,,,,,,,,,,,,,,,
"POINT (103.889382 1.308648)",node/3800199300,,,taxi,Dakota Station,,,,,I27,,,,,,,,,,,,,,,,,,,,,,,,
"POINT (103.779316 1.311308)",node/3800199301,,,taxi,Dover Station,,,,,J06,,,,,,,,,,,,,,,,,,,,,,,,
"POINT (103.777918 1.311559)",node/3800199302,,,taxi,Dover Station,,,,,J05,,,,,,,,,,,,,,,,,,,,,,,,
"POINT (103.952854 1.342468)",node/3800199303,,,taxi,Eastpoint Shopping Mall,,,,,I04,,,,,,,,,,,,,,,,,,,,,,,,
"POINT (103.822485 1.299981)",node/3800199304,,,taxi,Embassy of the Republic of Indonesia,,,,,F48,,,,,,,,,,,,,,,,,,,,,,,,
"POINT (103.962024 1.334562)",node/3800199305,,,taxi,Expo Station,,,,,I02,,,,,,,,,,,,,,,,,,,,,,,,
"POINT (103.83334 1.307398)",node/3800199306,,,taxi,Far East Plaza,,,,,F52,,,,,,,,,,,,,,,,,,,,,,,,
"POINT (103.853231 1.312497)",node/3800199307,,,taxi,Farrer Park Station,,,,,F29,,,,,,,,,,,,,,,,,,,,,,,,
"POINT (103.853588 1.31263)",node/3800199308,,,taxi,Farrer Park Station,,,,,F28,,,,,,,,,,,,,,,,,,,,,,,,
"POINT (103.80732 1.317364)",node/3800199309,,,taxi,Farrer Road Station,,,,,H05,,,,,,,,,,,,,,,,,,,,,,,,
"POINT (103.847969 1.278922)",node/3800199313,,,taxi,GB Building,,,,,E08,,,Papua new guinea high commission,,,,,,,,,,,,,,,,,,,,,
"POINT (103.887317 1.319172)",node/3800199314,,Geylang East Central,taxi,Geylang Polyclinic,,,,,I24,,,,,Kaart Ground Survey 2017,,,,,,,,,,,,,,,,,,,
"POINT (103.820172 1.307392)",node/3800199315,,,taxi,Gleneagles Hospital,,,,,F51,,,,,,,,,,,,,,,,,,,,,,,,
"POINT (103.847675 1.284993)",node/3800199318,,,taxi,Great Eastern Centre,,,,,E01,,,,,,,,,,,,,,,,,,,,,,,,
"POINT (103.821337 1.2659)",node/3800199319,,,taxi,Harbourfront Station,,,,,F32,,,,,,,,,,,,,,,,,,,,,,,,
"POINT (103.843948 1.297009)",node/3800199320,,,taxi,,,,4,Clemenceau Avenue in front of Haw Par Glass Centre,A19,yes,,,,,,,,,,,,,,,,,,,,,,,
"POINT (103.781605 1.283343)",node/3800199321,,,taxi,Haw Par Villa Station,,,,,J19,,,,,,虎豹别墅地铁站,,,,,,,,,,,,,,,,,,
"POINT (103.781306 1.283678)",node/3800199322,,,taxi,Haw Par Villa tiger ban,,,,,J04,,,,,,,,,,,,,,,,,,,,,,,,
"POINT (103.825161 1.293374)",node/3800199323,,,taxi,High Commission of Malaysia,,,,,F47,,,,,,,,,,,,,,,,,,,,,,,,
"POINT (103.843173 1.28537)",node/3800199324,,,taxi,OG,,,3,Upper Cross Street outside OG Building,D06,yes,,,,,,,,,,,,,,,,,,,,,,,
"POINT (103.853139 1.284141)",node/3800199325,,,taxi,OUE Bayfront,,,,,E37,,,,,,,,,,,,,,,,,,,,,,,,
"POINT (103.848908 1.277449)",node/3800199326,,,taxi,OUE Downtown,,,,,E19,,,,,,,,,,,,,,,,,,,,,,,,
"POINT (103.853848 1.285814)",node/3800199327,,,taxi,One Fullerton,,,,,E12,,,,,,,,,,,,,,,,,,,,,,,,
"POINT (103.851627 1.281402)",node/3800199328,,,taxi,One Raffles Quay,,,,,E17,,,,,,,,,,,,,,,,,,,,,,,,
"POINT (103.847748 1.351462)",node/3800199329,,,taxi,Opposite Bishan Station,,,,,F04,,,,,,,,,,,,,,,,,,,,,,,,
"POINT (103.862 1.319896)",node/3800199330,,,taxi,Opposite Blk 102,,,,,F16,,yes,,,,,yes,,,,,,,,,,,,,,,,,
"POINT (103.847435 1.286774)",node/3800199331,,,taxi,,,,3,North Canal Road opposite Hong Lim Park,D15,yes,,,,,,,,,,,,,,,,,,,,,,,
"POINT (103.843694 1.277704)",node/3800199332,,,taxi,Opposite Mac-Nels,,,,,E34,,,,,,,,,,,,,,,,,,,,,,,,
"POINT (103.841699 1.281756)",node/3800199333,,,taxi,,,,2,Kreta Ayer Road opposite Oriental Plaza,D04,yes,,,,,,,,,,,,,,,,,,,,,,,
"POINT (103.84751 1.288397)",node/3800199334,,,taxi,,,,3,Carpenter Street Opposite Safra Town Club,D14,yes,,,,,,,,,,,,,,,,,,,,,,,
"POINT (103.875762 1.301344)",node/3800199335,,,taxi,Opposite Singapore Indoor Stadium,,,,,I28,,,,,,,,,,,,,,,,,,,,,,,,
"POINT (103.84968 1.331231)",node/3800199336,,,taxi,OrangeTee,,,,,F09,,,,,,,,,,,,,,,,,,,,,,,,
"POINT (103.84045 1.300345)",node/3800199337,,,taxi,,,,2,Killiney Road outside Orchard Central,A21,yes,,,,,,,,,,,,,,,,,,,,,,,
"POINT (103.839132 1.281246)",node/3800199338,,,taxi,Outram Station,,,,,F34,,,,,,,,,,,,,,,,,,,,,,,,
"POINT (103.852162 1.298062)",node/3800199339,,,taxi,,,,2,Queen Street at China Cultural Centre,B09,yes,,,,,,,Land Transport Authority,,,,,,,,,,,,,,,,
"POINT (103.835924 1.304288)",node/3800199340,,,taxi,,,,,Mt Elizabeth Road at Paragon Medical Centre,A04,yes,,,,,,,,,,,,,,,,,,,,,,,
"POINT (103.855908 1.310819)",node/3800199342,,,taxi,,,,,,F18,,,,,,,,,,,,,,,,,,,,,,,,
"POINT (103.84962 1.300462)",node/3800199343,,,taxi,,,,5,Selegie Road outside Parklane Shopping Mall,B02,yes,,,,,,,,,,,,,,,,,,,,,,,
"POINT (103.90503 1.302298)",node/3800199344,,,taxi,Parkway Parade,,,,,I15,,,,,,,,,,,,,,,,,,,,,,,,
"POINT (103.893242 1.3187)",node/3800199346,,,taxi,Paya Lebar Station,,,,,I23,,,,,,,,,,,,,,,,,,,,,,,,
"POINT (103.850391 1.291978)",node/3800199348,,Coleman Street,taxi,,,,2,Coleman Street along driveway outside Peninsula Excelsior Hotel,C08,yes,,,,,,,,5,,,,,,,,,,,,,,,
"POINT (103.84231 1.283519)",node/3800199349,,,taxi,,,,,Park Crescent outside People's Park Complex,D05,yes,,,,,,,,,,,,,,,,,,,,,,,
"POINT (103.849276 1.29421)",node/3800199350,,,taxi,,,,3,Armenian Street infront of Peranakan Museum,C06,no,,,,,,,,,,,,,,,,,,,,,,,
"POINT (103.869374 1.331689)",node/3800199351,,,taxi,Potong Pasir Station,,,,,G02,,,,,,,,,,,,,,,,,,,,,,,,
"POINT (103.868817 1.332548)",node/3800199352,,,taxi,Potong Pasir Station,,,,,G01,,,,,,,,,,,,,,,,,,,,,,,,
"POINT (103.848838 1.282638)",node/3800199353,,,taxi,PriceWaterhouseCoopers Building,,,,,E07,,,,,,,,,,,,,,,,,,,,,,,,
"POINT (103.902776 1.404838)",node/3800199354,,,taxi,Punggol Station,,,,,G20,,,Punggol Station,,,,,,,,,,,,,,,,,,,,,
"POINT (103.90217 1.405584)",node/3800199355,,,taxi,Punggol Station,,,,,G19,,,Punggol Station,,,,,,,,,,,,,,,,,,,,,
"POINT (103.803476 1.288239)",node/3800199356,,,taxi,Queenstown Neighbourhood Police Centre,,,,,F45,,,,,,,,,,,,,,,,,,,,,,,,
"POINT (103.801193 1.440894)",node/3800199418,,,taxi,Admiralty Station,,,,,H14,,,,,,,,,,,,,,,,,,,,,,,,
"POINT (103.883165 1.316018)",node/3800199419,,Lorong 25A Geylang,taxi,Aljunied Station,,,,,I25,,,,,Kaart Ground Survey 2017,,,,,,,,,,,,,,,,,,,
"POINT (103.843371 1.275018)",node/3800199420,,,taxi,Amara Hotel,,,,,E24,,,,,,,,,,,,,,,,,,,,,,,,
"POINT (103.849439 1.369827)",node/3800199421,,,taxi,Ang Mo Kio Station,,,,Ang Mo Kio Ave 8 outside Ang Mo Kio MRT Station,F02,,,,,,,,Land Transport Authority,,,,,,,,,,,,,,,,
"POINT (103.848803 1.286878)",node/3800199422,,,taxi,Archipelago Brewery,,,,,E35,,,,,,,,,,,,,,,,,,,,,,,,
"POINT (103.85201 1.287515)",node/3800199423,,,taxi,,,,4,Old Parliament Lane Behind Victoria Theatre,C10,yes,,,,,,,,,temporarily relocated 
to Empress Place,,,,,,,,,,,,,,
"POINT (103.850798 1.324684)",node/3800199424,,,taxi,Balestier Hospital,,,,,F12,yes,yes,,,,,,,,,yes,yes,,,,,,,,,,,,
"POINT (103.835822 1.316235)",node/3800199425,,,taxi,Balmoral Plaza,,,,,F25,,,,,,,,,,,,,,,,,,,,,,,,
"POINT (103.880471 1.342315)",node/3800199426,,,taxi,Bartley Station,,,,,I26,,,,,,,,,,,,,,,,,,,,,,,,
"POINT (103.850258 1.298414)",node/3800199427,,,taxi,,,,1,Bencoolen Street at Bayview Hotel,B05,yes,,,,,,,,,Temporarily relocated to Lor Payah,,,,,,,,,,,,,,
"POINT (103.863371 1.318318)",node/3800199428,,,taxi,Bendemeer,,,,,F14,,,,,,,,,,,,,,,,,,,,,,,,
"POINT (103.851244 1.283458)",node/3800199429,,,taxi,Bharat,,,,,E11,,,,,,,,,,,,,,,,,,,,,,,,
"POINT (103.848107 1.351548)",node/3800199430,,,taxi,Bishan Station,,,,,F05,,,,,,,,,,,,,,,,,,,,,,,,
"POINT (103.824886 1.274123)",node/3800199431,,,taxi,Blk 109,,,,,F39,,,,,,,,,,,,,,,,,,,,,,,,
"POINT (103.816872 1.282855)",node/3800199432,,,taxi,Blk 165,,,,,F38,,,,,,,,,,,,,,,,,,,,,,,,
"POINT (103.84688 1.333632)",node/3800199433,,,taxi,Blk 175,,,,,F08,,,,,,,,,,,,,,,,,,,,,,,,
"POINT (103.787949 1.311742)",node/3800199434,,,taxi,Blk 19,,,,,H01,,,,,,,,,,,,,,,,,,,,,,,,
"POINT (103.870652 1.353249)",node/3800199435,,,taxi,Blk 267,,,,,G04,,,,,,,,,,,,,,,,,,,,,,,,
"POINT (103.72517 1.350126)",node/3800199436,,,taxi,Blk 492,,,,,J10,,,,,,,,,,,,,,,,,,,,,,,,
"POINT (103.986876 1.389726)",node/3800199437,,,taxi,Blk 5,,,,,I01,,,,,,,,,,,,,,,,,,,,,,,,
"POINT (103.914914 1.305157)",node/3800199438,,,taxi,Blk 54,,,,,I13,,,,,,,,,,,,,,,,,,,,,,,,
"POINT (103.908965 1.304848)",node/3800199439,,,taxi,Blk 71,,,,,I14,,,,,,,,,,,,,,,,,,,,,,,,
"POINT (103.814458 1.32151)",node/3800199440,,,taxi,Botanic Gardens Station,,,,,F57,,,,,,,,,,,,,植物园地铁站,,,,,,,,,,,
"POINT (103.846332 1.341039)",node/3800199441,,Lorong 1 Toa Payoh,taxi,F07 Blk 109 (near Braddell MRT),,,,,F07,yes,,,,,,,,,,,,,,,,,,,,,,,
"POINT (103.893213 1.382602)",node/3800199443,,,taxi,Buangkok Station,,,,,G13,,,,,,,,,,,,,,,,,,,,,,,,
"POINT (103.844358 1.281283)",node/3800199444,,,taxi,,,,5,Sago Lane Beside Buddha Tooth Relic Temple &amp; Museum,D17,yes,,,,,,,,,,,,,,,,,,,,,,,
"POINT (103.855608 1.300009)",node/3800199445,,,taxi,Bugis Junction,,,,,B18,,,,,,,,,,,,,,,,,,,,,,,,
"POINT (103.856425 1.298927)",node/3800199446,,,taxi,,,,2,Tan Quee Lan Street near Heritage Place,B12,yes,,,,,,,,,,,,,,,,,,,,,,,
"POINT (103.775786 1.343226)",node/3800199447,,,taxi,Bukit Timah Shopping Centre,,,,,H10,,,,,,,,,,,,,,,,,,,,,,,,
"POINT (103.79297 1.310155)",node/3800199448,,,taxi,Holland Drive near Buona Vista Community Club,,,3,,H02,,,,,,,,,,,,,,,,,,,,,,,,
"POINT (103.839593 1.336939)",node/3800199449,,,taxi,Caldecott Station,,,,,F58,,,,,,,,,,,,,,2021-02-25,,,,,,,,,,
"POINT (103.849808 1.282034)",node/3800199450,,,taxi,CapitaGreen,,,,,E10,,,,,,,,,,,,,,,,,,,,,,,,
"POINT (103.84747 1.277316)",node/3800199451,,,taxi,Capital Tower,,,,,E31,,,,,,,,,,,,,,,,,,,,,,,,
"POINT (103.851372 1.292656)",node/3800199452,,,taxi,,,,5,North Bridge Road outside Capitol,C13,yes,,,,,,,,,,,,,,,,,,,,,,,
"POINT (103.852592 1.295722)",node/3800199453,,Bras Basah Road,taxi,Carlton Hotel,,,,,B16,yes,,,,,,,,,,,,,,,,,,,,,,,
"POINT (103.842162 1.288645)",node/3800199454,,,taxi,,,,2,Magazine Road outside Central Mall,D10,yes,,,,,,,,,,,,,,,,,,,,,,,
"POINT (103.846244 1.288817)",node/3800199455,,,taxi,,,,3,Tew Chew Street at Clarke Quay Central,D12,yes,,,,,,,,,,,,,,,,,,,,,,,
"POINT (103.990285 1.361146)",node/3800199456,,,taxi,Changi Airport Terminal 1,,,,,,,,Changi Airport Terminal 1,,,,,,,,,,璋宜机场1号航站楼,,1,,,,,,,,,
"POINT (103.988541 1.355802)",node/3800199457,,,taxi,Changi Airport Terminal 2,,,,,,,,,,,,,,,,,,,,,,,,,,,,,
"POINT (103.986755 1.355077)",node/3800199458,,,taxi,Changi Airport Terminal 3,,,,,,,,Changi Airport Terminal 3,,,,,,,,,,,,,,,,,,,,,
"POINT (103.84659 1.283492)",node/3800199459,,,taxi,China Square,,,,,E03,,,,,,,,,,,,,,,,,,,,,,,,
"POINT (103.844849 1.285567)",node/3800199460,,,taxi,,,,3,New Bridge Road along driveway outside Chinatown Point,D08,yes,,,,,,,,,,,,,,,,,,,,,,,
"POINT (103.731935 1.343037)",node/3800199461,,,taxi,Chinese Garden Station,,,,,J11,,,,,,,,,,,,,,,,,,,,,,,,
"POINT (103.743855 1.384298)",node/3800199462,,,taxi,Choa Chu Kang Station,,,,,J02,,,,,,,,,,,,,,,,,,,,,,,,
"POINT (103.894043 1.314667)",node/3800199463,,,taxi,City Plaza,,,,,I20,,,,,,,,,,,,,,,,,,,,,,,,
"POINT (103.846256 1.282472)",node/3800199464,,,taxi,,,,2,Club Street at City State Apartments,D20,yes,,,,,,,,,,,,,,,,,,,,,,,
"POINT (103.84503 1.290652)",node/3800199465,,,taxi,,,,5,Tan Tye Place at Clarke Quay,C04,yes,,,,,,,,,,,,,,,,,,,,,,,
"POINT (103.84609 1.291131)",node/3800199466,,,taxi,,,,4,River Valley Road outside Clarke Quay,C01,yes,,,,,,,,,,,,,,,,,,,,,,,
"POINT (103.785928 1.317812)",node/3800199467,,,taxi,Cold Storage Jelita,,,,,H04,,,,,,,,,,,,,,,,,,,,,,,,
"POINT (103.845186 1.291732)",node/3800199468,,,taxi,,,,2,River Valley Road outside Liang Court Shopping Centre,C02,yes,,,,,,,,,,,,,,,,,,,,,,,
"POINT (103.830434 1.305157)",node/3800199469,,,taxi,Liat Towers,,,,,F49,,,,,,,,,,,,,,,,,,,,,,,,
"POINT (103.894309 1.314717)",node/3800199470,,,taxi,Kinex,,,,,I21,,,,,,,,,,,,,,,,,,,,,,,,
"POINT (103.849462 1.305563)",node/3800199471,,,taxi,Little India Station,,,,,F26,,,,,,,,,,,,,,,,,,,,,,,,
"POINT (103.849998 1.30694)",node/3800199472,,,taxi,Little India Station,,,,,F27,,,,,,,,,,,,,,,,,,,,,,,,
"POINT (103.833837 1.30403)",node/3800199473,,,taxi,,,,4,Orchard Road along driveway outside Lucky Plaza,A01,yes,,,,,,,,,,,,,,,,,,,,,,,
"POINT (103.844902 1.273692)",node/3800199474,,,taxi,M Hotel,,,,,E29,,,,,,,,,,,,,,,,,,,,,,,,
"POINT (103.92277 1.308196)",node/3800199475,,,taxi,Mandarin Gardens,,,,,I12,,,,,,,,,,,,,,,,,,,,,,,,
"POINT (103.860441 1.266277)",node/3800199476,,,taxi,Marina Bay Cruise Centre,,,,,F59,,,,,,,,,,,,,,,,,,,,,,,,
"POINT (103.857305 1.291906)",node/3800199477,,,taxi,,,,,Raffles Boulevard at Marina Mandarin Hotel,C23,yes,,,,,,,,,,,,,,,,,,,,,,,
"POINT (103.85787 1.291613)",node/3800199478,,,taxi,,,,4,Raffles Boulevard along driveway outside Marina Square,C22,yes,,,,,,,,,,,,,,,,,,,,,,,
"POINT (103.773684 1.432404)",node/3800199479,,,taxi,Marsiling Station,,,,,H18,,,,,,,,,,,,,,,,,,,,,,,,
"POINT (103.85056 1.299289)",node/3800199480,,,taxi,,,,3,Bencoolen Street at Masjid Bencoolen,B17,yes,,,,,,,,,Temporarily relocated to Prinsep Link,,,,,,,,,,,,,,
"POINT (103.835794 1.301954)",node/3800199481,,,taxi,,,,,Orchard Link at Meritus Mandarin Hotel,A07,yes,,,,,,,,,,,,,,,,,,,,,,,
"POINT (103.859863 1.29158)",node/3800199482,,,taxi,,,,2,Temasek Avenue at Millenia Walk,C20,yes,,,,,,,,,,,,,,,,,,,,,,,
"POINT (103.860619 1.292837)",node/3800199483,,,taxi,,,,4,Temasek Avenue at Millenia Tower,C21,yes,,,,,,,,,,,,,,,,,,,,,,,
"POINT (103.844694 1.287341)",node/3800199484,,,taxi,Ministry of Manpower,,,2,New Market Road outside Ministry of Manpower,D09,yes,,,,,,,,,,,,,,,,,,,,,,,
"POINT (103.835241 1.304302)",node/3800199485,,,taxi,,,,5,Mt Elizabeth Road at Mt Elizabeth Hospital,A05,yes,,,,,,,,,,,,,,,,,,,,,,,
"POINT (103.844262 1.278726)",node/3800199486,,,taxi,Murray Terrace Food Alley,,,,,E21,,,,,,,,,,,,,,,,,,,,,,,,
"POINT (103.83776 1.311939)",node/3800199487,,,taxi,Newton Station,,,,,F53,,,,,,,,,,,,,,,,,,,,,,,,
"POINT (103.837633 1.312204)",node/3800199488,,,taxi,Newton Station,,,,,F54,,,,,,,,,,,,,,,,,,,,,,,,
"POINT (103.863492 1.299728)",node/3800199489,,,taxi,Nicoll Highway Station,,,,,F21,,,,,,,,,,,,,,,,,,,,,,,,
"POINT (103.835991 1.429924)",node/3800199490,,,taxi,Northpoint Shopping Centre,,,,,H10,,,,,,,,,,,,,,,,,,,,,,,,
"POINT (103.849266 1.285487)",node/3800199492,,,taxi,OCBC Centre,,,,,E04,,,,,,,,,,,,,,,,,,,,,,,,
"POINT (103.849379 1.285959)",node/3800199500,,,taxi,,,,,,,,,,,,,,,,,,,,,,,,,,,,,,
"POINT (103.843961 1.28618)",node/3800199501,,,taxi,,,,2,Havelock Square outside People's Park Centre (New Market Road),D07,yes,,,,,,,,,,,,,,,,,,,,,,,
"POINT (103.801354 1.286426)",node/3800199502,,,taxi,Taxi Stand,,,,,,,,,,,,,,,,,,,,,,,,,,,,,
"POINT (103.848909 1.287978)",node/3800199503,,,taxi,,,,,,E33,,,,,,,,,,,,,,,,,,,,,,,,
"POINT (103.845866 1.288512)",node/3800199504,,,taxi,,,,,,,,,,,,,,,,,,,,,,,,,,,,,,
"POINT (103.859428 1.293946)",node/3800199506,,,taxi,,,,,,,,,,,,,,,,,,,,,,,,,,,,,,
"POINT (103.85541 1.296228)",node/3800199507,Singapore,,taxi,,,,2,Purvis Street outside Shop House No 24,B14,no,,,,,,,,,,,,,,,,,,,,,,,
"POINT (103.842384 1.299721)",node/3800199509,,,taxi,,,,3,Penang Road after Istana Park,A20,no,,,,,,,,,,,,,,,,,,,,,,,
"POINT (103.841953 1.300982)",node/3800199510,,,taxi,,,,5,Kramat Lane outside Concorde Hotel &amp; Shopping Mall,A13,no,,,,,,,,,,,,,,,,,,,,,,,
"POINT (103.82689 1.306474)",node/3800199513,,,taxi,,,,,,,,,,,,,,,,,,,,,,,,,,,,,,
"POINT (103.827598 1.306913)",node/3800199514,,,taxi,,,,,,,,,,,,,,,,,,,,,,,,,,,,,,
"POINT (103.795557 1.307616)",node/3800199515,,,taxi,,,,,,,,,,,,,,,,,,,,,,,,,,,,,,
"POINT (103.862859 1.307886)",node/3800199516,,,taxi,,,,,,,,,,,,,,,,,,,,,,,,,,,,,,
"POINT (103.856668 1.311212)",node/3800199517,,,taxi,,,,,,,,,,,,,,,,,,,,,,,,,,,,,,
"POINT (103.839542 1.311781)",node/3800199518,,,taxi,,,,,,,,,,,,,,,,,,,,,,,,,,,,,,
"POINT (103.9884 1.314381)",node/3800199519,,,taxi,,,,,,,,,,,,,,,,,,,,,,,,,,,,,,
"POINT (103.895249 1.317218)",node/3800199520,,,taxi,,,,,,I18,,,,,,,,,,,,,,,,,,,,,,,,
"POINT (103.843991 1.317235)",node/3800199521,,,taxi,,,,,,,,,,,,,,,,,,,,,,,,,,,,,,
"POINT (103.843572 1.319623)",node/3800199522,,,taxi,,,,,,,,,,,,,,,,,,,,,,,,,,,,,,
"POINT (103.707088 1.320901)",node/3800199523,,,taxi,,,,,,,,,,,,,,,,,,,,,,,,,,,,,,
"POINT (103.8463 1.321679)",node/3800199524,,,taxi,,,,,,,,,,,,,,,,,,,,,,,,,,,,,,
"POINT (103.806462 1.294372)",node/3800199557,,,taxi,Queenstown Station,,,,,F44,,,,,,,,,,,,,,,,,,,,,,,,
"POINT (103.820039 1.275992)",node/3800199558,,,taxi,Radin Mas Community Club,,,,,F31,,,,,,,,,,,,,,,,,,,,,,,,
"POINT (103.852752 1.293535)",node/3800199559,,,taxi,,,,5,Stamford Road along driveway outside Raffles City,C14,yes,,,,,,,,,,,,,,,,,,,,,,,
"POINT (103.852899 1.294607)",node/3800199560,,,taxi,,,,3,North Bridge Road along driveway outside Raffles City (outside Nespresso),C15,yes,,,,,,,,,,,,,,,,,,,,,,,
"POINT (103.845113 1.278353)",node/3800199561,,,taxi,Red Dot Musuem,,,,,E26,,,,,,,,,,,,,,,,,,,,,,,,
"POINT (103.817277 1.289086)",node/3800199562,,,taxi,Redhill Station,,,,,F40,,,,,,,,,,,,,,,,,,,,,,,,
"POINT (103.84804 1.294166)",node/3800199563,,,taxi,,,,3,Canning Rise near Registry of Marriages,C05,yes,,,,,,,,,,,,,,,,,,,,,,,
"POINT (103.84404 1.289208)",node/3800199564,,,taxi,,,,2,Merchant Road at Riverside Point,D11,yes,,,,,,,,,,,,,,,,,,,,,,,
"POINT (103.848148 1.288957)",node/3800199565,,,taxi,,,,2,Upper Circular Road at The Riverwalk,D13,yes,,,,,,,,,,,,,,,,,,,,,,,
"POINT (103.848502 1.278126)",node/3800199566,,,taxi,Robinson 77,,,,,E14,,,,,,,,,,,,,,,,,,,,,,,,
"POINT (103.84939 1.279619)",node/3800199567,,,taxi,Robinson Point,,,,,E15,,,,,,,,,,,,,,,,,,,,,,,,
"POINT (103.84984 1.279066)",node/3800199568,,,taxi,SGX Centre,,,,,E18,,,,,,,,,,,,,,,,,,,,,,,,
"POINT (103.850415 1.296174)",node/3800199569,,,taxi,,,,3,Queen Street at Li Ka Shing Library,B08,yes,,,,,,,,,,,,,,,,,,,,,,,
"POINT (103.84916 1.297687)",node/3800199570,,,taxi,,,,2,Bencoolen Street at SMU School of Econ &amp; Social Sciences,B06,yes,,,,,,,,,,,,,,,,,,,,,,,
"POINT (103.849323 1.297468)",node/3800199571,,,taxi,,,,2,Bencoolen Street at SMU School of Information Systems,B07,yes,,,,,,,,,,,,,,,,,,,,,,,
"POINT (103.871904 1.414213)",node/3800199572,,,taxi,Seletar Airport Passenger Terminal,,,,,G21,,,,,,,,,,,,,,,,,,,,,,,,
"POINT (103.820345 1.449326)",node/3800199573,,,taxi,Sembawang Station,,,,,H13,,,,,,,,,,,,,,,,,,,,,,,,
"POINT (103.895228 1.390685)",node/3800199574,,,taxi,Sengkang Station,,,,,G18,,,,,,,,,,,,,,,,,,,,,,,,
"POINT (103.895433 1.392594)",node/3800199575,,,taxi,Sengkang Station,,,,,G16,,,,,,,,,,,,,,,,,,,,,,,,
"POINT (103.896245 1.392622)",node/3800199576,,,taxi,Sengkang Station,,,3,,G17,,,,,,,,,,,,,,,,,,,,,,,,
"POINT (103.854814 1.310901)",node/3800199577,,,taxi,Serangoon Plaza,,,,,F17,,,,,,,,,,,,,,,,,,,,,,,,
"POINT (103.874261 1.350673)",node/3800199578,,,taxi,Serangoon Station,,,,,G06,,,,,,,,,,,,,,,,,,,,,,,,
"POINT (103.857037 1.297169)",node/3800199579,,,taxi,,,,2,Beach Road near Shaw Towers,B13,yes,,,,,,,,,,,,,,,,,,,,,,,
"POINT (103.923843 1.33806)",node/3800199580,,,taxi,Sheng Siong Hypermart,,,,,,,,,,,,,,,,,,,,,,,,,,,,,
"POINT (103.853056 1.303442)",node/3800199581,,,taxi,Sim Lim Square,,,,,F24,,,,,,,,,,,,,,,,,,,,,,,,
"POINT (103.834595 1.278456)",node/3800199582,,,taxi,Singapore General Hospital,,,,,F33,,,,,,,,,,,,,,,,,,,,,,,,
"POINT (103.761281 1.421865)",node/3800199583,,,taxi,Singapore Turf Club,,,,,H20,,,,,,,,,,,,,,,,,,,,,,,,
"POINT (103.845266 1.282396)",node/3800199584,,,taxi,,,,4,South Bridge Road outside Sri Mariamman Temple,D16,yes,,,,,,,,,,,,,,,,,,,,,,,
"POINT (103.852657 1.299984)",node/3800199585,,,taxi,,,,4,Waterloo Street at Stamford Arts Centre,B10,yes,,,,,,,,,,,,,,,,,,,,,,,
"POINT (103.840004 1.302621)",node/3800199586,,,taxi,,,,2,Cuppage Road at Starhub Centre,A12,yes,,,,,,,,,,,,,,,,,,,,,,,
"POINT (103.852116 1.285192)",node/3800199587,,,taxi,Straits Trading,,,,,E13,,,,,,,,,,,,,,,,,,,,,,,,
"POINT (103.861397 1.303328)",node/3800199588,,,taxi,Sultan Plaza,,,,,F19,,,,,,,,,,,,,,,,,,,,,,,,
"POINT (103.85244 1.301583)",node/3800199589,,,taxi,,,,,Bencoolen Street at Summerview Hotel,B04,no,,,,,,,,,,,,,,,,,,,,,,,
"POINT (103.858656 1.295342)",node/3800199591,,,taxi,,,,5,Temasek Boulevard at Suntec Tower 1 &amp; 2,C18,yes,,,,,,,,,,,,,,,,,,,,,,,
"POINT (103.859505 1.294968)",node/3800199592,,,taxi,,,,5,Temasek Boulevard at Suntec Tower 3 &amp; 4,C19,yes,,,,,,,,,,,,,,,,,,,,,,,
"POINT (103.853715 1.293333)",node/3800199593,,,taxi,,,,,Stamford Road along driveway of Swissotel The Stamford,C17,yes,,,,,,,,,,,,,,,,,,,,,,,
"POINT (103.946045 1.326702)",node/3800199594,,,taxi,Tanah Merah Station,,,,,I05,,,Tanah Merah Station,,,,,,,,,,,,,,,,,,,,,
"POINT (103.824159 1.305186)",node/3800199595,,,taxi,Tanglin Mall,,,,,F56,,,,,,,,,,,,,,,,,,,,,,,,
"POINT (103.894612 1.316288)",node/3800199596,,,taxi,Tanjong Katong Complex,,,,,I19,,,,,,,,,,,,,,,,,,,,,,,,
"POINT (103.848956 1.281852)",node/3800199597,,,taxi,Telok Ayer Station,,,,,E39,,,,,,,,,,,,,,,,,,,,,,,,
"POINT (103.851395 1.290972)",node/3800199598,,,taxi,,,,2,Coleman Street at The Adelphi,C12,yes,,,,,,,,,,,,,,,,,,,,,,,
"POINT (103.856277 1.289819)",node/3800199657,,,taxi,,,,3,Raffles Avenue at The Esplanade,C24,yes,,,,,,,,,,,,,,,,,,,,,,,
"POINT (103.8538 1.294296)",node/3800199658,,,taxi,,,,,Bras Basah Road at The Fairmont,C16,yes,,,,,,,,,,,,,,,,,,,,,,,
"POINT (103.847448 1.281418)",node/3800199659,,,taxi,Thian Hock Keng Temple,,,,,E06,,,,,,,,,,,,,,,,,,,,,,,,
"POINT (103.832679 1.284759)",node/3800199660,,,taxi,Tiong Bahru Market,,,,,F37,,,,,,,,,,,,,,,,,,,,,,,,
"POINT (103.827549 1.28667)",node/3800199661,,,taxi,Tiong Bahru Plaza,,,,,F36,,,,,,,,,,,,,,,,,,,,,,,,
"POINT (103.850352 1.334172)",node/3800199662,,Toa Payoh Central,taxi,Toa Payoh Community Library,,,,,F06,yes,,,,,,,,,,,,,,,,,,,,,,,
"POINT (103.949635 1.372725)",node/3800199663,,,taxi,White Sands,,,,,G23,,,,,,,,,,,,,,,,,,,,,,,,
"POINT (103.832867 1.303754)",node/3800199664,,,taxi,,,,4,Orchard Turn outside Wisma Atria Shopping Centre,A08,yes,,,,,,,,,,,,,,,,,,,,,,,
"POINT (103.769564 1.44357)",node/3800199665,,,taxi,Woodlands Train Checkpoint Complex,,,,,H17,,,,,,,,,,,,,,,,,,,,,,,,
"POINT (103.870875 1.338985)",node/3800199666,,,taxi,Woodleigh Station,,,,,G03,,,,,,,,,,,,,,,,,,,,,,,,
"POINT (103.747527 1.397149)",node/3800199667,,,taxi,Yew Tee Station,,,,,J03,,,,,,,,,,,,,,,,,,,,,,,,
"POINT (103.835133 1.428763)",node/3800199668,,,taxi,Yishun Station,,,,,H08,,,,,,,,,,,,,,,,,,,,,,,,
"POINT (103.834544 1.430264)",node/3800199669,,,taxi,Yishun Station,,,,,H09,,,,,,,,,,,,,,,,,,,,,,,,
"POINT (103.835632 1.307146)",node/3800199670,,,taxi,,,,,Mt Elizabeth Road at York Hotel,A03,no,,,,,,,,,,,,,,,,,,,,,,,
"POINT (103.818791 1.264242)",node/3800199671,,,taxi,,,,,,,,,,,,,,,,,,,,,,,,,,,,,,
"POINT (103.819213 1.27155)",node/3800199672,,,taxi,,,,,,,,,,,,,,,,,,,,,,,,,,,,,,
"POINT (103.809423 1.273484)",node/3800199673,,,taxi,,,,,,,,,,,,,,,,,,,,,,,,,,,,,,
"POINT (103.843103 1.277914)",node/3800199674,,,taxi,,,,,,E22,,,,,,,,,,,,,,,,,,,,,,,,
"POINT (103.843829 1.278815)",node/3800199675,,,taxi,,,,,,E38,,,,,,,,,,,,,,,,,,,,,,,,
"POINT (103.851466 1.281623)",node/3800199676,,,taxi,,,,,,E16,,,,,,,,,,,,,,,,,,,,,,,,
"POINT (103.844063 1.282887)",node/3800199677,,,taxi,,,,1,Temple Street infront of Grand Court Restaurant,D18,yes,,,,,,,,,,,,,,,,,,,,,,,
"POINT (103.844064 1.284288)",node/3800199678,,,taxi,,,,2,Mosque Street in front of Dragon Brand Bird's Nest Building,D19,yes,,,,,,,,,,,,,,,,,,,,,,,
"POINT (103.851575 1.28484)",node/3800199679,,,taxi,,,,,,,,,,,,,,,,,,,,,,,,,,,,,,
"POINT (103.848507 1.285858)",node/3800199680,,,taxi,,,,,,,,,,,,,,,,,,,,,,,,,,,,,,
"POINT (103.841573 1.325095)",node/3800199681,,,taxi,,,,,,,,,,,,,,,,,,,,,,,,,,,,,,
"POINT (103.678522 1.327549)",node/3800199682,,,taxi,,,,,,,,,,,,,,,,,,,,,,,,,,,,,,
"POINT (103.925584 1.331134)",node/3800199683,,,taxi,,,,,,Blk 539,,,,,,,,,,,,,,,,,,,,,,,,
"POINT (103.795927 1.331329)",node/3800199684,,,taxi,,,,,,,,,,,,,,,,,,,,,,,,,,,,,,
"POINT (103.707095 1.338167)",node/3800199686,,,taxi,,,,,,,,,,,,,,,,,,,,,,,,,,,,,,
"POINT (103.706656 1.338342)",node/3800199687,,,taxi,,,,,,J13,,,,,,,,,,,,,,,,,,,,,,,,
"POINT (103.778951 1.338774)",node/3800199688,,,taxi,,,,,,,,,,,,,,,,,,,,,,,,,,,,,,
"POINT (103.839352 1.349445)",node/3800199690,,,taxi,,,,,,,,,,,,,,,,,,,,,,,,,,,,,,
"POINT (103.829206 1.371905)",node/3800199692,,,taxi,,,,,,,,,,,,,,,,,,,,,,,,,,,,,,
"POINT (103.769252 1.302096)",node/3924980564,,,taxi,,,,,,,,,,,,,,,,,,,,,,,,,,,,,,
"POINT (103.74585 1.334428)",node/4281654150,,,taxi,,,,,,,,,,,,,,,,,,,,,,,,,,,,,,
"POINT (103.81119 1.257447)",node/4310972789,,,taxi,Siloso Point,,,,,,,,,,,,,,,,,,西罗索角,,,-,,,,,,,,
"POINT (103.784228 1.294533)",node/4367653397,,,taxi,,,,,,,,,,,,,,,,,,,,,,,,,,,,,,
"POINT (103.789863 1.404814)",node/4400921111,,,taxi,,,,,,,,,,,,,,,,,,,,,,,,,,,,,,
"POINT (103.838284 1.300558)",node/4515449594,,,taxi,,,,,,,,,,,,,,,,,,,,,,,,,,,,,,
"POINT (103.764108 1.379946)",node/4536045395,,,taxi,Bukit Panjang Plaza,,,,,,,,,,,,,,,,,,,,,,,,,,,,,
"POINT (103.856834 1.292828)",node/4586909071,,,taxi,,,,4,Raffles Boulevard at Suntec City,C25,yes,,,,,,,,,,,,,,,,,,,,,,,
"POINT (103.892923 1.382963)",node/5059869878,,,taxi,Buangkok Station,,,,,G14,,,,,,,,,,,,,,,,,,,,,,,,
"POINT (103.791566 1.306204)",node/5122888017,,,taxi,,,,,,,,,,,,,,,,,,,,,,,,,,,,,,
"POINT (103.929646 1.305818)",node/5129667121,,,taxi,,,,,,,,,,,,,,,,,,,,,,,,,,,,,,
"POINT (103.824792 1.247204)",node/5136615345,,,taxi,Palawan,,,,,,,,,,,,,,,,,,巴拉望,,,,,,,,,,,
"POINT (103.739765 1.332708)",node/5172058360,,,taxi,,,,,,,,,,,,,,,,,,,,,,,,,,,,,,
"POINT (103.929516 1.324148)",node/5224918697,,,taxi,Bedok Station,,,,,,,,,,,,,,,,,,,,,,,,,,,,,
"POINT (103.848107 1.303705)",node/5243108616,,,taxi,,,,,,,,,,,,,,,,,,,,,,,,,,,,,,
"POINT (103.853057 1.30428)",node/5272759079,,,taxi,,,,,,,,,,,,,,,,,,,,,,,,,,,,,,
"POINT (103.771469 1.292904)",node/5278319644,,,taxi,,,,,,,,,,,,,,,,,,,,,,,,,,,,,,
"POINT (103.877226 1.303887)",node/5282975565,,,taxi,Stadium Station,,,,,I29,,,,,,,,,,,,,,,,,,,,,,,,
"POINT (103.844596 1.381963)",node/5318598104,,,taxi,F01,,,,Ang Mo Kio Ave 6 outside Yio Chu Kang MRT Station,,yes,,,,https://www.lta.gov.sg/content/dam/ltaweb/corp/PublicTransport/files/List_of_taxi_stands_outside_CBD.pdf,,,Land Transport Authority,,,,,,,,,,,,,,,,
"POINT (103.720602 1.344406)",node/5341600180,,,taxi,Lakeside Station,,,,,J12,,,,,,,,,,,,,,,,,,,,,,,,
"POINT (103.84551 1.300242)",node/5404729524,,,taxi,,,,2,Handy Road outside Dhoby Ghaut MRT Station (The Atrium @ Orchard),,yes,,,,,,,,,,,,,,,,,,,,,,,
"POINT (103.845897 1.29623)",node/5404734554,,,taxi,,,,1,Percival Road at round-about of Fort Canning Park,C26,yes,,,,,,,,,,,,,,,,,,,,,,,
"POINT (103.843255 1.283421)",node/5404774847,,,taxi,,,,1,Temple Street beside Lucky Chinatown,D21,no,,,,,,,,,,,,,,,,,,,,,,,
"POINT (103.846435 1.327208)",node/5418323783,,,taxi,Zhongshan Mall,,,,,,yes,,,yes,,,,,,,,,,2021-06-07,,,,,,,,,,
"POINT (103.763721 1.378236)",node/5470274000,,,taxi,,,,,,,,,,,,,,,,,,,,,,,,,,,,,,
"POINT (103.814268 1.287083)",node/5479277633,,,taxi,Drop off point,,,,,,,,,,,,,,,,,,,,,,,,,,,,,
"POINT (103.852785 1.301208)",node/5484076771,,,taxi,,,,,,,,,,,,,,,,,,,,,,,,,,,,,,
"POINT (103.784464 1.293658)",node/5686604064,,,taxi,,,,,,,,,,,,,,,,,,,,,,,,,,,,,,
"POINT (103.918777 1.334365)",node/5727916586,,,taxi,,,,,,,,,,,,,,,,,,,,,,,,,,,,,,
"POINT (103.933124 1.336487)",node/5727916587,,,taxi,,,,,,,,,,,,,,,,,,,,,,,,,,,,,,
"POINT (103.93341 1.336455)",node/5756188728,,,taxi,,,,,,,,,,,,,,,,,,,,,,,,,,,,,,
"POINT (103.918354 1.334736)",node/5756223643,,,taxi,,,,,,,,,,,,,,,,,,,,,,,,,,,,,,
"POINT (103.849435 1.295106)",node/5869949154,,,taxi,,,,,,,,,,,,,,,,,,,,,,,,,,,,,,
"POINT (103.892667 1.395947)",node/6016984311,,,taxi,,,,,,,,,,,,,,,,,,,,,,,,,,,,,,
"POINT (103.89306 1.394232)",node/6016984320,,,taxi,,,,,,,,,,,,,,,,,,,,,,,,,,,,,,
"POINT (103.913192 1.40228)",node/6036101983,,,taxi,,,,,,,,,,,,,,,,,,,,,,,,,,,,,,
"POINT (103.855457 1.305714)",node/6190464821,,,taxi,,,,,,,,,,,,,,,,,,,,,,,,,,,,,,
"POINT (103.849918 1.351125)",node/6196556960,,,taxi,,,,,,,,,,,,,,,,,,,,,,,,,,,,,,
"POINT (103.82293 1.265097)",node/6271022894,,,taxi,,,,,,,,,,,,,,,,,,,,,,,,,,,,,,
"POINT (103.890992 1.30486)",node/6440797617,,,taxi,Drop-Off Point 1,,,,Drop-off Point (Zhulin Building),,,,,,,,,,,,,,,,,,,,,,,,,
"POINT (103.891537 1.305278)",node/6440797618,,,taxi,Drop-off Point 2,,,,Drop-off Point (Zhuopu Building),,,,,,,,,,,,,,,,,,,,,,,,,
"POINT (103.892456 1.304867)",node/6440797634,,,taxi,Drop-off Point 3,,,,Drop-off Point (Innosphere),,,,,,,,,,,,,,,,,,,,,,,,,
"POINT (103.740464 1.332952)",node/6482524004,,,taxi,,,,,,,,,,,,,,,,,,,,,,,,,,,,,,
"POINT (103.739154 1.331439)",node/6601556106,,,taxi,,,,,,,,,,,,,,,,,,,,,,,,,,,,,,
"POINT (103.850427 1.29112)",node/6757452670,,,taxi,,,,,,,,,,,,,,,,,,,,,,,,,,,,,,
"POINT (103.706324 1.340453)",node/6872882365,,,taxi,PickUp/DropOff Point,,,,,,,,,,,,,,,,,,,,,,,,,,,,,
"POINT (103.853974 1.300015)",node/6908133896,,,taxi,,,,,,,,,,,,,,,,,,,,,,,,,,,,,,
"POINT (103.866287 1.364367)",node/6910723649,,,taxi,,,,,,,,,,,,,,,,,,,,,,,,,,,,,,
"POINT (103.74258 1.334536)",node/6919435806,,,taxi,,,,,,,,,,,,,,,,,,,,,,,,,,,,,,
"POINT (103.857452 1.307193)",node/6920330990,,,taxi,,,,,,,,,,,,,,,,,,,,,,,,,,,,,,
"POINT (103.85682 1.307862)",node/6920330991,,,taxi,,,,,,,,,,,,,,,,,,,,,,,,,,,,,,
"POINT (103.802683 1.439236)",node/6920388973,,,taxi,,,,,,,,,,,,,,,,,,,,,,,,,,,,,,
"POINT (103.846086 1.277037)",node/6924269515,,,taxi,,,,,,,,,,,,,,,,,,,,,,,,,,,,,,
"POINT (103.857977 1.302252)",node/6924421327,,,taxi,,,,,,,,,,,,,,,,,,,,,,,,,,,,,,
"POINT (103.743412 1.332545)",node/6924425200,,,taxi,,,,,,,,,,,,,,,,,,,,,,,,,,,,,,
"POINT (103.741494 1.331444)",node/6924425201,,,taxi,JTC Summit,,,,,,,,,,,,,,,,,,,,,,,,,,,,,
"POINT (103.837743 1.300712)",node/6933552692,,,taxi,,,,,,,,,,,,,,,,,,,,,,,,,,,,,,
"POINT (103.77543 1.300716)",node/6957980928,,,taxi,,,,,,,,,,,,,,,,,,,,,,,,,,,,,,
"POINT (103.777203 1.29747)",node/6968810621,,,taxi,,,,,,,,,,,,,,,,,,,,,,,,,,,,,,
"POINT (103.90503 1.302298)",node/6975908097,,,taxi,Parkway Parade,,,,,I15,,,,,,,,,,,,,,,2,,,,,,,,,
"POINT (103.90503 1.302298)",node/6975908287,,,taxi,Parkway Parade,,,,,I15,,,,,,,,,,,,,,,1,,,,,,,,,
"POINT (103.90503 1.302298)",node/6976881385,,,taxi,Parkway Parade,,,,,I15,,,,,,,,,,,,,,,3,,,,,,,,,
"POINT (103.713577 1.345231)",node/6982995107,,,taxi,,,,,,,,,,,,,,,,,,,,,,,,,,,,,,
"POINT (103.848786 1.293219)",node/6984558905,,,taxi,,,,,,,,,,,,,,,,,,,,,,,,,,,,,,
"POINT (103.835343 1.30114)",node/7019622888,,,taxi,,,,,,,,,,,,,,,,,,,,,,,,,,,,,,
"POINT (103.796697 1.331002)",node/7019744171,,,taxi,,,,,,,,,,,,,,,,,,,,,,,,,,,,,,
"POINT (103.852637 1.303348)",node/7020995784,,,taxi,,,,,,,,,,,,,,,,,,,,,,,,,,,,,,
"POINT (103.750286 1.366699)",node/7021177418,,,taxi,,,,,,,,,,,,,,,,,,,,,,,,,,,,,,
"POINT (103.84422 1.292258)",node/7021544365,,,taxi,,,,,,,,,,,,,,,,,,,,,,,,,,,,,,
"POINT (103.844372 1.292937)",node/7021544366,,,taxi,,,,,,,,,,,,,,,,,,,,,,,,,,,,,,
"POINT (103.837462 1.313922)",node/7021792481,,,taxi,,,,,,,,,,,,,,,,,,,,,,,,,,,,,,
"POINT (103.847488 1.299162)",node/7043034844,,,taxi,,,,2,Handy Road near Cathay Building,A17,yes,,,,,,,,,,,,,,,,,,,,,,,
"POINT (103.780386 1.296848)",node/7130452018,,,taxi,,,,,,,,,,,,,,,,,,,,,,,,,,,,,,
"POINT (103.832925 1.306535)",node/7144803142,,,taxi,,,,,,,,,,,,,,,,,,,,,,,,,,,,,,
"POINT (103.849532 1.290701)",node/7146032469,,,taxi,,,,,,,,,,,,,,,,,,,,,,,,,,,,,,
"POINT (103.748749 1.3208)",node/7166202461,,,taxi,,,,,,,,,,,,,,,,,,,,,,,,,,,,,,
"POINT (103.850539 1.292453)",node/7195082449,,,taxi,,,,,,,,,,,,,,,,,,,,,,,,,,,,,,
"POINT (103.852627 1.28623)",node/7202314879,,,taxi,,,,,,,,,,,,,,,,,,,,,,,,,,,,,,
"POINT (103.852505 1.316953)",node/7236456647,,,taxi,,,,,,,,,,,,,,,,,,,,,,,,,,,,,,
"POINT (103.775072 1.340499)",node/7249700355,,,taxi,,,,,,,,,,,,,,,,,,,,,,,,,,,,,,
"POINT (103.904988 1.409875)",node/7283778757,,,taxi,,,,,,,,,,,,,,,,,,,,,,,,,,,,,,
"POINT (103.95474 1.375908)",node/7451219497,,,taxi,,,,,,,,,,,,,,,,,,,,,,,,,,,,,,
"POINT (103.746742 1.397706)",node/7593567305,,,taxi,,,,,,,,,,,,,,,,,,,,,,,,,,,,,,
"POINT (103.851136 1.283036)",node/7722781492,,,taxi,,,,,,,,,,,,,,,,,,,,,,,,,,,,,,
"POINT (103.777379 1.297306)",node/8002821813,,,taxi,,,,,,,,,,,,,,,,,,,,,,,,,,,,,,
"POINT (103.770279 1.296982)",node/8002821815,,,taxi,,,,,,,,,,,,,,,,,,,,,,,,,,,,,,
"POINT (103.770812 1.300677)",node/8157329691,,,taxi,,,,,,,,,,,,,,,,,,,,,,,,,,,,,,
"POINT (103.825963 1.305883)",node/8164825473,,,taxi,,,,,,,,,,,,,,,,,,,,,,,,,,,,,,
"POINT (103.83242 1.305041)",node/8166280264,,,taxi,,,,,,,,,,,,,,,,,,,,,,,,,,,,,,
"POINT (103.851816 1.282198)",node/8166744794,,,taxi,,,,,,,,,,,,,,,,,,,,,,,,,,,,,,
"POINT (103.850941 1.284933)",node/8167521120,,,taxi,,,,,,,,,,,,,,,,,,,,,,,,,,,,,,
"POINT (103.847637 1.275407)",node/8169626083,,,taxi,,,,,,,,,,,,,,,,,,,,,,,,,,,,,,
"POINT (103.847887 1.278169)",node/8172491228,,,taxi,,,,,,,,,,,,,,,,,,,,,,,,,,,,,,
"POINT (103.783546 1.295465)",node/8191284384,,,taxi,,,,,,,,,,,,,,,,,,,,,,,,,,,,,,
"POINT (103.783652 1.295079)",node/8191284385,,,taxi,,,,,,,,,,,,,,,,,,,,,,,,,,,,,,
"POINT (103.939292 1.344908)",node/8209615279,,,taxi,,,,,,,,,,,,,,,,,,,,,,,,,,,,,,
"POINT (103.775762 1.300532)",node/8211958771,,,taxi,,,,,,,,,,,,,,,,,,,,,,,,,,,,,,
"POINT (103.777729 1.290997)",node/8212229849,,,taxi,,,,,,,,,,,,,,,,,,,,,,,,,,,,,,
"POINT (103.77756 1.290596)",node/8212229850,,,taxi,,,,,,,,,,,,,,,,,,,,,,,,,,,,,,
"POINT (103.778289 1.291234)",node/8212229851,,,taxi,,,,,,,,,,,,,,,,,,,,,,,,,,,,,,
"POINT (103.783836 1.293527)",node/8212296554,,,taxi,,,,,,,,,,,,,,,,,,,,,,,,,,,,,,
"POINT (103.783959 1.293428)",node/8212296571,,,taxi,,,,,,,,,,,,,,,,,,,,,,,,,,,,,,
"POINT (103.765053 1.302957)",node/8221283630,,,taxi,,,,,,,,,,,,,,,,,,,,,,,,,,,,,,
"POINT (103.76493 1.302453)",node/8221283631,,,taxi,,,,,,,,,,,,,,,,,,,,,,,,,,,,,,
"POINT (103.893522 1.318732)",node/8233008153,,,taxi,Singpost Centre Main Entry,,,,,,,,,,,,,,,,,,,,,,,,,,,,,
"POINT (103.91276 1.320802)",node/8233183150,,,taxi,,,,,,,,,,,,,,,,,,,,,,,,,,,,,,
"POINT (103.938184 1.345865)",node/8244365621,,,taxi,,,,,,,,,,,,,,,,,,,,,,,,,,,,,,
"POINT (103.842097 1.288904)",node/8246635455,,,taxi,,,,,,,,,,,,,,,,,,,,,,,,,,,,,,
"POINT (103.696996 1.337411)",node/8568727811,,,taxi,,,,,,,,yes,,,,,,,,,,yes,,,,,,,,,,,,
"POINT (103.84502 1.298181)",node/8627716952,,,taxi,,,,,,,,,,,,,,,,,,,,,,,,,,,,,,
"POINT (103.764104 1.370328)",node/8677734072,,,taxi,Cashew MRT Taxi Stand (Exit A),,,,,,,,,,,,,,,,,,,,,,,,,,,,,
"POINT (103.829043 1.444003)",node/8735544443,,,taxi,,,,,,,,,,,,,,,,,,,,,,,,,,,,,,
"POINT (103.771806 1.30135)",node/8735574388,,,taxi,,,,,,,,,,,,,,,,,,,,,,,,,,,,,,
"POINT (103.772965 1.301292)",node/8735583452,,,taxi,,,,,,,,,,,,,,,,,,,,,,,,,,,,,,
"POINT (103.840567 1.337943)",node/8778099757,,,taxi,,,,,,,,,,yes,,,,,,,,,,,,,,,,,,,,
"POINT (103.945278 1.353775)",node/8859402746,Singapore,Tampines Central 1,taxi,Taxi Stand,,,,,,,,,,,,,Tampines 1,10,,,,,,,,529536,,,,,,,
"POINT (103.753446 1.32037)",node/9083918601,Singapore,West Coast Vale,taxi,Parc Riveria pickup point,,,,,,,,,,,,,,101,,,,,,,,126753,,,,,,,
"POINT (103.846451 1.288523)",node/9084249838,,,taxi,,,,,,,,,,,,,,,,,,,,,,,,,,,,,,
"POINT (103.893921 1.31914)",node/9131116423,,,taxi,Singpost Centre North Lobby,,,,,,,,,,,,,,,,,,,,,,,Singpost Centre North Lobby,,,,,,
"POINT (103.844825 1.276852)",node/9161752047,,,taxi,,,,,,,,,,,,,,,,,,,,,,,,,,,,,,
"POINT (103.845389 1.27715)",node/9161752048,,,taxi,,,,,,,,,,,,,,,,,,,,,,,,,,,,,,
"POINT (103.847259 1.278625)",node/9161758871,,,taxi,,,,,,,,,,,,,,,,,,,,,,,,,,,,,,
"POINT (103.837893 1.302265)",node/9166252477,,,taxi,,,,,,,,,,,,,,,,,,,,,,,,,,,,,,
"POINT (103.779956 1.295629)",node/9166786241,,,taxi,,,,,,,,,,,,,,,,,,,,,,,,,,,,,,
"POINT (103.90169 1.41727)",node/9167820346,Singapore,Northshore Drive,taxi,G27 TAXI STAND,,,,,,,,,,,,,,407,,,,,,,,820407,,,,,,,
"POINT (103.820793 1.26388)",node/9375878558,,,taxi,,,,,,,,,,,,,,,,,,,,,,,,,,,,,,
"POINT (103.747325 1.396654)",node/9383180545,,,taxi,,,,,,,,,,,,,,,,,,,,,,,,,,,,,,
"POINT (103.95526 1.377502)",node/9402558766,,,taxi,,,,,,,,,,,,,,,,,,,,,,,,,,,,,,
"POINT (103.888468 1.326279)",node/9613457679,,,taxi,,,,,,,,yes,,,,,,,,,,yee,,,,,,135,,,,,,
"POINT (103.9609 1.335996)",node/9739167884,,,taxi,,,,5,,,,,,,,,,,,,,,,,,,,,,,,,,
"POINT (103.773529 1.298306)",node/9742757287,,,taxi,,,,,,,,,,,,,,,,,,,,,,,,,,,,,,
"POINT (103.801077 1.267349)",node/9787083377,,,taxi,,,,,,,,,,,,,,,,,,,,,,,,,,,,,,
"POINT (103.835762 1.281081)",node/9787676283,,,taxi,Singapore National Eye Centre Entrance,,,,,,,,,,,,,,,,,,,,,,,,,,,,,
"POINT (103.836682 1.279169)",node/9787676284,,,taxi,National Cancer Centre Singapore Entrance,,,,,,,,,,,,,,,,,,,,,,,,,,,,,
"POINT (103.835352 1.279353)",node/9787676285,,,taxi,SGH Block 4 Entrance,,,,,,,,,,,,,,,,,,,,,,,,,,,,,
"POINT (103.856631 1.301073)",node/9808392965,,,taxi,,,,,,,,,,,,,,,,,,,,,,,,,,,,,,
"POINT (103.850313 1.28414)",node/9837614950,,,taxi,,,,,,E05,,,,,,,,,,,,,,,,,,,,,,,,
"POINT (103.837212 1.299741)",node/9934792747,,,taxi,,,,1,,A23,yes,,,,,,,,,,,,,,,,,,,,,,,
"POINT (103.788166 1.306445)",node/9981762773,,Vista Exchange Green,taxi,F60,,,3,,,,,,,,,,,,,,,,,,,,,,,,,,
"POINT (103.753949 1.319597)",node/9995372571,Singapore,West Coast Vale,taxi,Whistler Grand pickup point,,,20,,,,,,,,,,,109,,,,,,,,126752,,,,,,,
"POINT (103.752938 1.319975)",node/9997898288,Singapore,West Coast Vale,taxi,Twin View Pickup Point,,,,,,,,,,,,,,93,,,,,,,,126755,,,,,,,
"POINT (103.743526 1.338582)",node/10001088114,,,taxi,Taxi Stand,,,,,,,,,,,,,,,,,,,,,,,,parking_aisle,,,,,
"POINT (103.905249 1.409597)",node/10102519904,,,taxi,,,,,,G26,,,,,,,,,,,,,,,,,,,,,,,,
"POINT (103.855575 1.276691)",node/10260552629,,,taxi,Bayfront Avenue outside Marina Bay MRT station,,,,,E40,,,,,,,,,,,,,,,,,,,,,,,,
"POINT (103.86209 1.270616)",node/10260617727,,,taxi,Marina Coastal Drive outside Marina South Pier MRT Station,,,,,F61,,,,,,,,,,,,,,,,,,,,,,,,
"POINT (103.869299 1.279646)",node/10260792102,,,taxi,Marina Gardens Drive outside Gardens by the Bay MRT Station,,,,,F95,,,,,,,,,,,,,,,,,,,,,,,,
"POINT (103.775791 1.302498)",node/10264156652,,,taxi,College Clinic Pickup/Dropoff,,,,,,,,,,,,,,,,,,,,,,,,,,,,,
"POINT (103.86575 1.281487)",node/10302237692,,,taxi,,,,7,,,,,,,,,,,,,,,,,,,,,,left,,,,
"POINT (103.778101 1.290367)",node/10555571660,,,taxi,,,,,,,,,,,,,,,,,,,,,,,,,,,,,,
"POINT (103.770286 1.297617)",node/10591152536,,,taxi,,,,,,,,,,,,,,,,,,,,,,,,,,,,,,
"POINT (103.772342 1.304351)",node/10591242246,Singapore,College Avenue West,taxi,,,,,,,,,,,,,,,2,,,,,,,,138607,,,,138607,,,
"POINT (103.773369 1.293202)",node/10598564862,,,taxi,,,,,,,,,,,,,,,,,,,,,,,,,,,,,,
"POINT (103.783036 1.29523)",node/10657616849,,,taxi,,,,,,,,,,,,,,,,,,,,,,,,,,,,,,
"POINT (103.746168 1.32134)",node/10661752055,,,taxi,,,,,,,,,,,,,,,,,,,,,,,,,,,,,,
"POINT (103.78104 1.292514)",node/10687313471,,,taxi,,,,,,,,,,,,,,,,,,,,,,,,,,,,,,
"POINT (103.787133 1.289592)",node/10695165540,,,taxi,,,,,,,,,,,,,,,,,private,,,,,,,,,,,,,
"POINT (103.773668 1.294801)",node/10698657251,,,taxi,,,,,,,,,,,,,,,,,,,,,,,,,,,,,,
"POINT (103.843874 1.342863)",node/10744493995,,,taxi,,,,,,,,,,,,,,,,,,,,,,,,,,,,,,
"POINT (103.84551 1.346253)",node/10744580368,,,taxi,,,,,,,,,,,,,,,,,,,,,,,,,,,,,,
"POINT (103.843274 1.346735)",node/10744580395,,,taxi,,,,,,,,,,,,,,,,,,,,,,,,,,,,,,
"POINT (103.7479 1.319672)",node/10748011698,,,taxi,,,,,,,,,,,,,,,,,,,,,,,,,,,,,,
"POINT (103.820556 1.277316)",node/10761017247,,,taxi,,,,,,,,,,,,,,,,,,,,,,,,,,,,,,
"POINT (103.817414 1.277529)",node/10761017327,,,taxi,,,,,,,,,,,,,,,,,,,,,,,,,,,,,,
"POINT (103.846758 1.349366)",node/10796550362,,,taxi,,,,,,,,,,,,,,,,,,,,,,,,,,,,,,
"POINT (103.836628 1.429116)",node/10811630614,,,taxi,Taxi Stop,,,,,,,,,,,,,,,,,,,,,,,,,,,,,
"POINT (103.774678 1.294583)",node/10814040028,,,taxi,,,,,,,,,,,,,,,,,,,,,,,,,,,,,,
"POINT (103.883213 1.327445)",node/10822273537,,,taxi,,,,2,,I33,,yes,,,,,,,,,,yes,,,,,,,,,,yes,,
"POINT (103.830256 1.304276)",node/10833425670,,,taxi,,,,,,,,yes,,,,,,,,,,yes,,,,,,,,,,yes,yes,
"POINT (103.724634 1.338917)",node/10846117661,,,taxi,,,,,,,,,,,,,,,,,,,,,,,,,,,,,,
"POINT (103.801548 1.278618)",node/10846137894,,,taxi,,,,,,,,,,,,,,,,,,,,,,,,,,,,,,
"POINT (103.833658 1.42328)",node/10848400315,,,taxi,,,,,,,,,,,,,,,,,,,,,,,,,,,,,,
"POINT (103.799849 1.276489)",node/10855942755,,,taxi,,,,,,,,,,,,,,,,,,,,,,,,,,,,,,
"POINT (103.799029 1.274927)",node/10855942772,,,taxi,,,,,,,,,,,,,,,,,,,,,,,,,,,,,,
"POINT (103.798188 1.275014)",node/10855942773,,,taxi,,,,,,,,,,,,,,,,,,,,,,,,,,,,,,
"POINT (103.802009 1.276353)",node/10855956599,,,taxi,,,,,,,,,,,,,,,,,,,,,,,,,,,,,,
"POINT (103.801912 1.27735)",node/10855983014,,,taxi,,,,,,,,,,,,,,,,,,,,,,,,,,,,,,
"POINT (103.766678 1.304772)",node/10859687826,,,taxi,,,,,,,,,,,,,,,,,,,,,,,,,,,,,,
"POINT (103.759286 1.311539)",node/10859701606,,,taxi,,,,,,,,,,,,,,,,,,,,,,,,,,,,,,
"POINT (103.78784 1.307141)",node/10886412228,,,taxi,,,,,,,,,,,,,,,,,,,,,,,,,,,,,,
"POINT (103.717821 1.348422)",node/10893595092,,,taxi,,,,,,,,,,,,,,,,,,,,,,,,,,,,,,
"POINT (103.715933 1.347527)",node/10893688365,,,taxi,,,,,,,,,,,,,,,,,,,,,,,,,,,,,,
"POINT (103.818074 1.398431)",node/10901446260,,Upper Thomson Road,taxi,,,,,,H34,,,,,,,,Land Transport Authority,,,,,,,,,,,,,,,,
"POINT (103.817916 1.39795)",node/10901446266,,Upper Thomson Road,taxi,,,,,,H35,,,,,,,,Land Transport Authority,,,,,,,,,,,,,,,,
"POINT (103.807576 1.325726)",node/10931147059,,,taxi,F66,,,3,,,,,,,,,,,,,,,,,,,,,,,,,,F66
"POINT (103.808105 1.326133)",node/10931147061,,,taxi,F67,,,1,,,,,,,,,,,,,,,,,,,,,,,,,,F67
"POINT (103.849367 1.291695)",node/10937144627,,,taxi,,,,,,,,,,,,,,,,,,,,,,,,,,,,,,
"POINT (103.961654 1.334477)",node/10964899936,,,taxi,,,,,,,,,,,,,,,,,,,,,,,,,,,,,,
